--
-- PostgreSQL database dump
--

-- Dumped from database version 12.9 (Ubuntu 12.9-2.pgdg20.04+1)
-- Dumped by pg_dump version 12.9 (Ubuntu 12.9-2.pgdg20.04+1)

SET statement_timeout = 0;
SET lock_timeout = 0;
SET idle_in_transaction_session_timeout = 0;
SET client_encoding = 'UTF8';
SET standard_conforming_strings = on;
SELECT pg_catalog.set_config('search_path', '', false);
SET check_function_bodies = false;
SET xmloption = content;
SET client_min_messages = warning;
SET row_security = off;

DROP DATABASE universe;
--
-- Name: universe; Type: DATABASE; Schema: -; Owner: freecodecamp
--

CREATE DATABASE universe WITH TEMPLATE = template0 ENCODING = 'UTF8' LC_COLLATE = 'C.UTF-8' LC_CTYPE = 'C.UTF-8';


ALTER DATABASE universe OWNER TO freecodecamp;

\connect universe

SET statement_timeout = 0;
SET lock_timeout = 0;
SET idle_in_transaction_session_timeout = 0;
SET client_encoding = 'UTF8';
SET standard_conforming_strings = on;
SELECT pg_catalog.set_config('search_path', '', false);
SET check_function_bodies = false;
SET xmloption = content;
SET client_min_messages = warning;
SET row_security = off;

SET default_tablespace = '';

SET default_table_access_method = heap;

--
-- Name: black_hole; Type: TABLE; Schema: public; Owner: freecodecamp
--

CREATE TABLE public.black_hole (
    black_hole_id integer NOT NULL,
    name character varying NOT NULL,
    galaxy_id integer
);


ALTER TABLE public.black_hole OWNER TO freecodecamp;

--
-- Name: black_hole_black_hole_id_seq; Type: SEQUENCE; Schema: public; Owner: freecodecamp
--

CREATE SEQUENCE public.black_hole_black_hole_id_seq
    AS integer
    START WITH 1
    INCREMENT BY 1
    NO MINVALUE
    NO MAXVALUE
    CACHE 1;


ALTER TABLE public.black_hole_black_hole_id_seq OWNER TO freecodecamp;

--
-- Name: black_hole_black_hole_id_seq; Type: SEQUENCE OWNED BY; Schema: public; Owner: freecodecamp
--

ALTER SEQUENCE public.black_hole_black_hole_id_seq OWNED BY public.black_hole.black_hole_id;


--
-- Name: galaxy; Type: TABLE; Schema: public; Owner: freecodecamp
--

CREATE TABLE public.galaxy (
    galaxy_id integer NOT NULL,
    name character varying NOT NULL,
    age_in_millions_of_years numeric,
    distance_from_earth numeric,
    no_of_planets integer
);


ALTER TABLE public.galaxy OWNER TO freecodecamp;

--
-- Name: galaxy_galaxy_id_seq; Type: SEQUENCE; Schema: public; Owner: freecodecamp
--

CREATE SEQUENCE public.galaxy_galaxy_id_seq
    AS integer
    START WITH 1
    INCREMENT BY 1
    NO MINVALUE
    NO MAXVALUE
    CACHE 1;


ALTER TABLE public.galaxy_galaxy_id_seq OWNER TO freecodecamp;

--
-- Name: galaxy_galaxy_id_seq; Type: SEQUENCE OWNED BY; Schema: public; Owner: freecodecamp
--

ALTER SEQUENCE public.galaxy_galaxy_id_seq OWNED BY public.galaxy.galaxy_id;


--
-- Name: moon; Type: TABLE; Schema: public; Owner: freecodecamp
--

CREATE TABLE public.moon (
    moon_id integer NOT NULL,
    name character varying NOT NULL,
    age_in_millions_of_years numeric,
    distance_from_earth numeric,
    has_life boolean,
    planet_id integer
);


ALTER TABLE public.moon OWNER TO freecodecamp;

--
-- Name: moon_moon_id_seq; Type: SEQUENCE; Schema: public; Owner: freecodecamp
--

CREATE SEQUENCE public.moon_moon_id_seq
    AS integer
    START WITH 1
    INCREMENT BY 1
    NO MINVALUE
    NO MAXVALUE
    CACHE 1;


ALTER TABLE public.moon_moon_id_seq OWNER TO freecodecamp;

--
-- Name: moon_moon_id_seq; Type: SEQUENCE OWNED BY; Schema: public; Owner: freecodecamp
--

ALTER SEQUENCE public.moon_moon_id_seq OWNED BY public.moon.moon_id;


--
-- Name: planet; Type: TABLE; Schema: public; Owner: freecodecamp
--

CREATE TABLE public.planet (
    planet_id integer NOT NULL,
    name character varying NOT NULL,
    age_in_millions_of_years numeric,
    distance_from_earth numeric,
    has_life boolean,
    planet_types text,
    no_of_moons integer,
    star_id integer
);


ALTER TABLE public.planet OWNER TO freecodecamp;

--
-- Name: planet_planet_id_seq; Type: SEQUENCE; Schema: public; Owner: freecodecamp
--

CREATE SEQUENCE public.planet_planet_id_seq
    AS integer
    START WITH 1
    INCREMENT BY 1
    NO MINVALUE
    NO MAXVALUE
    CACHE 1;


ALTER TABLE public.planet_planet_id_seq OWNER TO freecodecamp;

--
-- Name: planet_planet_id_seq; Type: SEQUENCE OWNED BY; Schema: public; Owner: freecodecamp
--

ALTER SEQUENCE public.planet_planet_id_seq OWNED BY public.planet.planet_id;


--
-- Name: star; Type: TABLE; Schema: public; Owner: freecodecamp
--

CREATE TABLE public.star (
    star_id integer NOT NULL,
    name character varying NOT NULL,
    age_in_millions_of_years numeric,
    distance_from_earth numeric,
    galaxy_id integer
);


ALTER TABLE public.star OWNER TO freecodecamp;

--
-- Name: star_star_id_seq; Type: SEQUENCE; Schema: public; Owner: freecodecamp
--

CREATE SEQUENCE public.star_star_id_seq
    AS integer
    START WITH 1
    INCREMENT BY 1
    NO MINVALUE
    NO MAXVALUE
    CACHE 1;


ALTER TABLE public.star_star_id_seq OWNER TO freecodecamp;

--
-- Name: star_star_id_seq; Type: SEQUENCE OWNED BY; Schema: public; Owner: freecodecamp
--

ALTER SEQUENCE public.star_star_id_seq OWNED BY public.star.star_id;


--
-- Name: black_hole black_hole_id; Type: DEFAULT; Schema: public; Owner: freecodecamp
--

ALTER TABLE ONLY public.black_hole ALTER COLUMN black_hole_id SET DEFAULT nextval('public.black_hole_black_hole_id_seq'::regclass);


--
-- Name: galaxy galaxy_id; Type: DEFAULT; Schema: public; Owner: freecodecamp
--

ALTER TABLE ONLY public.galaxy ALTER COLUMN galaxy_id SET DEFAULT nextval('public.galaxy_galaxy_id_seq'::regclass);


--
-- Name: moon moon_id; Type: DEFAULT; Schema: public; Owner: freecodecamp
--

ALTER TABLE ONLY public.moon ALTER COLUMN moon_id SET DEFAULT nextval('public.moon_moon_id_seq'::regclass);


--
-- Name: planet planet_id; Type: DEFAULT; Schema: public; Owner: freecodecamp
--

ALTER TABLE ONLY public.planet ALTER COLUMN planet_id SET DEFAULT nextval('public.planet_planet_id_seq'::regclass);


--
-- Name: star star_id; Type: DEFAULT; Schema: public; Owner: freecodecamp
--

ALTER TABLE ONLY public.star ALTER COLUMN star_id SET DEFAULT nextval('public.star_star_id_seq'::regclass);


--
-- Data for Name: black_hole; Type: TABLE DATA; Schema: public; Owner: freecodecamp
--

INSERT INTO public.black_hole VALUES (1, 'Messier 31', 1);
INSERT INTO public.black_hole VALUES (2, 'Sagittarius A', 6);
INSERT INTO public.black_hole VALUES (3, 'Messier 87', 7);


--
-- Data for Name: galaxy; Type: TABLE DATA; Schema: public; Owner: freecodecamp
--

INSERT INTO public.galaxy VALUES (1, 'Andromeda', NULL, NULL, NULL);
INSERT INTO public.galaxy VALUES (2, 'Canis Major Dwarf', NULL, NULL, NULL);
INSERT INTO public.galaxy VALUES (3, 'Cygnus A', NULL, NULL, NULL);
INSERT INTO public.galaxy VALUES (4, 'Maffei 1 and 2', NULL, NULL, NULL);
INSERT INTO public.galaxy VALUES (5, 'Magellanic Clouds', NULL, NULL, NULL);
INSERT INTO public.galaxy VALUES (6, 'Milky Way', NULL, NULL, NULL);
INSERT INTO public.galaxy VALUES (7, 'Virgo A', NULL, NULL, NULL);


--
-- Data for Name: moon; Type: TABLE DATA; Schema: public; Owner: freecodecamp
--

INSERT INTO public.moon VALUES (1, 'Moon', NULL, NULL, NULL, 3);
INSERT INTO public.moon VALUES (2, 'Phobos', NULL, NULL, NULL, 4);
INSERT INTO public.moon VALUES (3, 'Deimos', NULL, NULL, NULL, 4);
INSERT INTO public.moon VALUES (4, 'Ganymede', NULL, NULL, NULL, 5);
INSERT INTO public.moon VALUES (5, 'Callisto', NULL, NULL, NULL, 5);
INSERT INTO public.moon VALUES (6, 'Lo', NULL, NULL, NULL, 5);
INSERT INTO public.moon VALUES (7, 'Europa', NULL, NULL, NULL, 5);
INSERT INTO public.moon VALUES (8, 'Titan', NULL, NULL, NULL, 6);
INSERT INTO public.moon VALUES (9, 'Rhea', NULL, NULL, NULL, 6);
INSERT INTO public.moon VALUES (10, 'Titania', NULL, NULL, NULL, 7);
INSERT INTO public.moon VALUES (11, 'Oberon', NULL, NULL, NULL, 7);
INSERT INTO public.moon VALUES (12, 'Triton', NULL, NULL, NULL, 8);
INSERT INTO public.moon VALUES (13, 'Amalthea', NULL, NULL, NULL, 5);
INSERT INTO public.moon VALUES (14, 'Himalia', NULL, NULL, NULL, 5);
INSERT INTO public.moon VALUES (15, 'Thebe', NULL, NULL, NULL, 5);
INSERT INTO public.moon VALUES (16, 'Elara', NULL, NULL, NULL, 5);
INSERT INTO public.moon VALUES (17, 'Pasiphae', NULL, NULL, NULL, 5);
INSERT INTO public.moon VALUES (18, 'Metis', NULL, NULL, NULL, 5);
INSERT INTO public.moon VALUES (19, 'Lapetus', NULL, NULL, NULL, 6);
INSERT INTO public.moon VALUES (20, 'Dione', NULL, NULL, NULL, 6);
INSERT INTO public.moon VALUES (21, 'Tethys', NULL, NULL, NULL, 6);
INSERT INTO public.moon VALUES (22, 'Enceladus', NULL, NULL, NULL, 6);
INSERT INTO public.moon VALUES (23, 'Mimas', NULL, NULL, NULL, 6);
INSERT INTO public.moon VALUES (24, 'Hyperion', NULL, NULL, NULL, 6);


--
-- Data for Name: planet; Type: TABLE DATA; Schema: public; Owner: freecodecamp
--

INSERT INTO public.planet VALUES (1, 'Mercury', NULL, NULL, NULL, NULL, NULL, 1);
INSERT INTO public.planet VALUES (2, 'Venus', NULL, NULL, NULL, NULL, NULL, 1);
INSERT INTO public.planet VALUES (3, 'Earth', NULL, NULL, NULL, NULL, NULL, 1);
INSERT INTO public.planet VALUES (4, 'Mars', NULL, NULL, NULL, NULL, NULL, 1);
INSERT INTO public.planet VALUES (5, 'Jupiter', NULL, NULL, NULL, NULL, NULL, 1);
INSERT INTO public.planet VALUES (6, 'Saturn', NULL, NULL, NULL, NULL, NULL, 1);
INSERT INTO public.planet VALUES (7, 'Uranus', NULL, NULL, NULL, NULL, NULL, 1);
INSERT INTO public.planet VALUES (8, 'Neptune', NULL, NULL, NULL, NULL, NULL, 1);
INSERT INTO public.planet VALUES (9, 'Ceres', NULL, NULL, NULL, NULL, NULL, 1);
INSERT INTO public.planet VALUES (10, 'Pluto', NULL, NULL, NULL, NULL, NULL, 1);
INSERT INTO public.planet VALUES (11, 'Haumer', NULL, NULL, NULL, NULL, NULL, 1);
INSERT INTO public.planet VALUES (12, 'Makemake', NULL, NULL, NULL, NULL, NULL, 1);
INSERT INTO public.planet VALUES (13, 'Eris', NULL, NULL, NULL, NULL, NULL, 1);


--
-- Data for Name: star; Type: TABLE DATA; Schema: public; Owner: freecodecamp
--

INSERT INTO public.star VALUES (1, 'The sun', NULL, NULL, 6);
INSERT INTO public.star VALUES (2, 'Sirius', NULL, NULL, 6);
INSERT INTO public.star VALUES (3, 'Canopus', NULL, NULL, 6);
INSERT INTO public.star VALUES (4, 'Rigil kentaurus and Toliman', NULL, NULL, 6);
INSERT INTO public.star VALUES (5, 'Arcturus', NULL, NULL, 6);
INSERT INTO public.star VALUES (6, 'Vega', NULL, NULL, 6);
INSERT INTO public.star VALUES (7, 'Capella', NULL, NULL, 6);
INSERT INTO public.star VALUES (8, 'Rigel', NULL, NULL, 6);


--
-- Name: black_hole_black_hole_id_seq; Type: SEQUENCE SET; Schema: public; Owner: freecodecamp
--

SELECT pg_catalog.setval('public.black_hole_black_hole_id_seq', 3, true);


--
-- Name: galaxy_galaxy_id_seq; Type: SEQUENCE SET; Schema: public; Owner: freecodecamp
--

SELECT pg_catalog.setval('public.galaxy_galaxy_id_seq', 7, true);


--
-- Name: moon_moon_id_seq; Type: SEQUENCE SET; Schema: public; Owner: freecodecamp
--

SELECT pg_catalog.setval('public.moon_moon_id_seq', 24, true);


--
-- Name: planet_planet_id_seq; Type: SEQUENCE SET; Schema: public; Owner: freecodecamp
--

SELECT pg_catalog.setval('public.planet_planet_id_seq', 13, true);


--
-- Name: star_star_id_seq; Type: SEQUENCE SET; Schema: public; Owner: freecodecamp
--

SELECT pg_catalog.setval('public.star_star_id_seq', 8, true);


--
-- Name: black_hole black_hole_name_key; Type: CONSTRAINT; Schema: public; Owner: freecodecamp
--

ALTER TABLE ONLY public.black_hole
    ADD CONSTRAINT black_hole_name_key UNIQUE (name);


--
-- Name: black_hole black_hole_pkey; Type: CONSTRAINT; Schema: public; Owner: freecodecamp
--

ALTER TABLE ONLY public.black_hole
    ADD CONSTRAINT black_hole_pkey PRIMARY KEY (black_hole_id);


--
-- Name: galaxy galaxy_name_key; Type: CONSTRAINT; Schema: public; Owner: freecodecamp
--

ALTER TABLE ONLY public.galaxy
    ADD CONSTRAINT galaxy_name_key UNIQUE (name);


--
-- Name: galaxy galaxy_pkey; Type: CONSTRAINT; Schema: public; Owner: freecodecamp
--

ALTER TABLE ONLY public.galaxy
    ADD CONSTRAINT galaxy_pkey PRIMARY KEY (galaxy_id);


--
-- Name: moon moon_name_key; Type: CONSTRAINT; Schema: public; Owner: freecodecamp
--

ALTER TABLE ONLY public.moon
    ADD CONSTRAINT moon_name_key UNIQUE (name);


--
-- Name: moon moon_pkey; Type: CONSTRAINT; Schema: public; Owner: freecodecamp
--

ALTER TABLE ONLY public.moon
    ADD CONSTRAINT moon_pkey PRIMARY KEY (moon_id);


--
-- Name: planet planet_name_key; Type: CONSTRAINT; Schema: public; Owner: freecodecamp
--

ALTER TABLE ONLY public.planet
    ADD CONSTRAINT planet_name_key UNIQUE (name);


--
-- Name: planet planet_pkey; Type: CONSTRAINT; Schema: public; Owner: freecodecamp
--

ALTER TABLE ONLY public.planet
    ADD CONSTRAINT planet_pkey PRIMARY KEY (planet_id);


--
-- Name: star star_name_key; Type: CONSTRAINT; Schema: public; Owner: freecodecamp
--

ALTER TABLE ONLY public.star
    ADD CONSTRAINT star_name_key UNIQUE (name);


--
-- Name: star star_pkey; Type: CONSTRAINT; Schema: public; Owner: freecodecamp
--

ALTER TABLE ONLY public.star
    ADD CONSTRAINT star_pkey PRIMARY KEY (star_id);


--
-- Name: black_hole fk_black_hole_id; Type: FK CONSTRAINT; Schema: public; Owner: freecodecamp
--

ALTER TABLE ONLY public.black_hole
    ADD CONSTRAINT fk_black_hole_id FOREIGN KEY (galaxy_id) REFERENCES public.galaxy(galaxy_id);


--
-- Name: star fk_galaxy; Type: FK CONSTRAINT; Schema: public; Owner: freecodecamp
--

ALTER TABLE ONLY public.star
    ADD CONSTRAINT fk_galaxy FOREIGN KEY (galaxy_id) REFERENCES public.galaxy(galaxy_id);


--
-- Name: moon fk_planet; Type: FK CONSTRAINT; Schema: public; Owner: freecodecamp
--

ALTER TABLE ONLY public.moon
    ADD CONSTRAINT fk_planet FOREIGN KEY (planet_id) REFERENCES public.planet(planet_id);


--
-- Name: planet fk_star; Type: FK CONSTRAINT; Schema: public; Owner: freecodecamp
--

ALTER TABLE ONLY public.planet
    ADD CONSTRAINT fk_star FOREIGN KEY (star_id) REFERENCES public.star(star_id);


--
-- PostgreSQL database dump complete
--

